City,Customer Count,City Revenue,Average Order
Multan,112,2769296.0,24725.85714285714
Karachi,104,2634654.0,25579.165048543688
Rawalpindi,98,2559735.0,26389.0206185567
Lahore,95,2477239.0,26076.2
Islamabad,94,2319927.0,24945.451612903227
